序号,链接,节点数
0,https://github.com/qjlxg/-SubCrawler/raw/main/sub/share/all,0
1,https://github.com/qjlxg/-SubCrawler/raw/main/sub/share/available,14190
2,https://github.com/qjlxg/-SubCrawler/raw/main/sub/share/ss,1884
3,https://github.com/qjlxg/-SubCrawler/raw/main/sub/share/ssr,101
4,https://github.com/qjlxg/-SubCrawler/raw/main/sub/share/tr,3279
5,https://github.com/qjlxg/-SubCrawler/raw/main/sub/share/v2,0
6,https://github.com/qjlxg/SubCrawler/raw/main/sub/share/all2,1462
7,https://github.com/qjlxg/SubCrawler/raw/main/sub/share/vless,0
8,https://github.com/qjlxg/aggregator/raw/main/data/clash.yaml,2335
9,https://github.com/qjlxg/free-node/raw/main/public,4300
10,https://github.com/qjlxg/py/raw/main/data/clash.yaml,753
11,https://github.com/qjlxg/youtube/raw/main/sub/youtube/v2ray,355
12,https://t.me/FreeV2rays,152
13,https://t.me/FreeVpnChina,152
14,https://t.me/JiedianSsr,152
15,https://t.me/ShadowsocksM,152
16,https://t.me/ShareCentrePro,152
17,https://t.me/V2ray60,152
18,https://t.me/aifenxiang2020,152
19,https://t.me/hkaa0,152
20,https://t.me/jiedianF,152
21,https://t.me/kejixm123,152
22,https://t.me/mftizi,152
23,https://t.me/souqun8816,152
24,https://t.me/souqun8817,152
25,https://t.me/wxdy666,152
26,https://t.me/zerobaipiao,152

总计,,1078
